Year,sigName,용도별,분류별,합계,합계,합계,합계,합계,합계,합계,신축,신축,신축,신축,신축,신축,신축,증축개축이전대수선,증축개축이전대수선,증축개축이전대수선,증축개축이전대수선,증축개축이전대수선,증축개축이전대수선,증축개축이전대수선,용도변경,용도변경,용도변경,용도변경,용도변경,용도변경,용도변경
Year,sigName,용도별,분류별,계,조적,철골철근,나무,기타,콘크리트,철골,계,조적,철골철근,나무,기타,콘크리트,철골,계,조적,철골철근,나무,기타,콘크리트,철골,계,조적,철골철근,나무,기타,콘크리트,철골
2000,관악구,계,동수,405,-,-,-,-,-,-,-,-,-,-,-,-,-,-,-,-,-,-,-,-,-,-,-,-,-,-,-
2000,관악구,계,연면적,"381,593",-,-,-,-,-,-,-,-,-,-,-,-,-,-,-,-,-,-,-,-,-,-,-,-,-,-,-
2000,관악구,주거용,동수,166,-,-,-,-,-,-,-,-,-,-,-,-,-,-,-,-,-,-,-,-,-,-,-,-,-,-,-
2000,관악구,주거용,연면적,"133,239",-,-,-,-,-,-,-,-,-,-,-,-,-,-,-,-,-,-,-,-,-,-,-,-,-,-,-
2000,관악구,상업용,동수,145,-,-,-,-,-,-,-,-,-,-,-,-,-,-,-,-,-,-,-,-,-,-,-,-,-,-,-
2000,관악구,상업용,연면적,"158,203",-,-,-,-,-,-,-,-,-,-,-,-,-,-,-,-,-,-,-,-,-,-,-,-,-,-,-
2000,관악구,공공용,동수,1,-,-,-,-,-,-,-,-,-,-,-,-,-,-,-,-,-,-,-,-,-,-,-,-,-,-,-
2000,관악구,공공용,연면적,"1,052",-,-,-,-,-,-,-,-,-,-,-,-,-,-,-,-,-,-,-,-,-,-,-,-,-,-,-
2000,관악구,문교용/사회용,동수,41,-,-,-,-,-,-,-,-,-,-,-,-,-,-,-,-,-,-,-,-,-,-,-,-,-,-,-
2000,관악구,문교용/사회용,연면적,"41,477",-,-,-,-,-,-,-,-,-,-,-,-,-,-,-,-,-,-,-,-,-,-,-,-,-,-,-
2000,관악구,기타,동수,52,-,-,-,-,-,-,-,-,-,-,-,-,-,-,-,-,-,-,-,-,-,-,-,-,-,-,-
2000,관악구,기타,연면적,"47,622",-,-,-,-,-,-,-,-,-,-,-,-,-,-,-,-,-,-,-,-,-,-,-,-,-,-,-
2001,관악구,계,동수,"1,078",-,-,-,-,-,-,-,-,-,-,-,-,-,-,-,-,-,-,-,-,-,-,-,-,-,-,-
2001,관악구,계,연면적,"725,460",-,-,-,-,-,-,-,-,-,-,-,-,-,-,-,-,-,-,-,-,-,-,-,-,-,-,-
2001,관악구,주거용,동수,582,-,-,-,-,-,-,-,-,-,-,-,-,-,-,-,-,-,-,-,-,-,-,-,-,-,-,-
2001,관악구,주거용,연면적,"337,226",-,-,-,-,-,-,-,-,-,-,-,-,-,-,-,-,-,-,-,-,-,-,-,-,-,-,-
2001,관악구,상업용,동수,219,-,-,-,-,-,-,-,-,-,-,-,-,-,-,-,-,-,-,-,-,-,-,-,-,-,-,-
2001,관악구,상업용,연면적,"194,262",-,-,-,-,-,-,-,-,-,-,-,-,-,-,-,-,-,-,-,-,-,-,-,-,-,-,-
2001,관악구,공공용,동수,1,-,-,-,-,-,-,-,-,-,-,-,-,-,-,-,-,-,-,-,-,-,-,-,-,-,-,-
2001,관악구,공공용,연면적,"2,727",-,-,-,-,-,-,-,-,-,-,-,-,-,-,-,-,-,-,-,-,-,-,-,-,-,-,-
2001,관악구,문교용/사회용,동수,273,-,-,-,-,-,-,-,-,-,-,-,-,-,-,-,-,-,-,-,-,-,-,-,-,-,-,-
2001,관악구,문교용/사회용,연면적,"189,765",-,-,-,-,-,-,-,-,-,-,-,-,-,-,-,-,-,-,-,-,-,-,-,-,-,-,-
2001,관악구,기타,동수,3,-,-,-,-,-,-,-,-,-,-,-,-,-,-,-,-,-,-,-,-,-,-,-,-,-,-,-
2001,관악구,기타,연면적,"1,480",-,-,-,-,-,-,-,-,-,-,-,-,-,-,-,-,-,-,-,-,-,-,-,-,-,-,-
2002,관악구,계,동수,"1,620",-,-,-,-,-,-,-,-,-,-,-,-,-,-,-,-,-,-,-,-,-,-,-,-,-,-,-
2002,관악구,계,연면적,"956,401",-,-,-,-,-,-,-,-,-,-,-,-,-,-,-,-,-,-,-,-,-,-,-,-,-,-,-
2002,관악구,주거용,동수,"1,085",-,-,-,-,-,-,-,-,-,-,-,-,-,-,-,-,-,-,-,-,-,-,-,-,-,-,-
2002,관악구,주거용,연면적,"518,613",-,-,-,-,-,-,-,-,-,-,-,-,-,-,-,-,-,-,-,-,-,-,-,-,-,-,-
2002,관악구,상업용,동수,500,-,-,-,-,-,-,-,-,-,-,-,-,-,-,-,-,-,-,-,-,-,-,-,-,-,-,-
2002,관악구,상업용,연면적,"392,365",-,-,-,-,-,-,-,-,-,-,-,-,-,-,-,-,-,-,-,-,-,-,-,-,-,-,-
2002,관악구,공업용,연면적,"1,108",-,-,-,-,-,-,-,-,-,-,-,-,-,-,-,-,-,-,-,-,-,-,-,-,-,-,-
2002,관악구,공공용,연면적,10,-,-,-,-,-,-,-,-,-,-,-,-,-,-,-,-,-,-,-,-,-,-,-,-,-,-,-
2002,관악구,문교용/사회용,동수,32,-,-,-,-,-,-,-,-,-,-,-,-,-,-,-,-,-,-,-,-,-,-,-,-,-,-,-
2002,관악구,문교용/사회용,연면적,"37,021",-,-,-,-,-,-,-,-,-,-,-,-,-,-,-,-,-,-,-,-,-,-,-,-,-,-,-
2002,관악구,기타,동수,3,-,-,-,-,-,-,-,-,-,-,-,-,-,-,-,-,-,-,-,-,-,-,-,-,-,-,-
2002,관악구,기타,연면적,"7,284",-,-,-,-,-,-,-,-,-,-,-,-,-,-,-,-,-,-,-,-,-,-,-,-,-,-,-
2003,관악구,계,동수,914,-,-,-,-,-,-,-,-,-,-,-,-,-,-,-,-,-,-,-,-,-,-,-,-,-,-,-
2003,관악구,계,연면적,"740,147",-,-,-,-,-,-,-,-,-,-,-,-,-,-,-,-,-,-,-,-,-,-,-,-,-,-,-
2003,관악구,주거용,동수,515,-,-,-,-,-,-,-,-,-,-,-,-,-,-,-,-,-,-,-,-,-,-,-,-,-,-,-
2003,관악구,주거용,연면적,"338,190",-,-,-,-,-,-,-,-,-,-,-,-,-,-,-,-,-,-,-,-,-,-,-,-,-,-,-
2003,관악구,상업용,동수,355,-,-,-,-,-,-,-,-,-,-,-,-,-,-,-,-,-,-,-,-,-,-,-,-,-,-,-
2003,관악구,상업용,연면적,"345,309",-,-,-,-,-,-,-,-,-,-,-,-,-,-,-,-,-,-,-,-,-,-,-,-,-,-,-
2003,관악구,공공용,연면적,66,-,-,-,-,-,-,-,-,-,-,-,-,-,-,-,-,-,-,-,-,-,-,-,-,-,-,-
2003,관악구,문교용/사회용,동수,42,-,-,-,-,-,-,-,-,-,-,-,-,-,-,-,-,-,-,-,-,-,-,-,-,-,-,-
2003,관악구,문교용/사회용,연면적,"53,066",-,-,-,-,-,-,-,-,-,-,-,-,-,-,-,-,-,-,-,-,-,-,-,-,-,-,-
2003,관악구,기타,동수,2,-,-,-,-,-,-,-,-,-,-,-,-,-,-,-,-,-,-,-,-,-,-,-,-,-,-,-
2003,관악구,기타,연면적,"3,516",-,-,-,-,-,-,-,-,-,-,-,-,-,-,-,-,-,-,-,-,-,-,-,-,-,-,-
2004,관악구,계,동수,419,-,-,-,-,-,-,-,-,-,-,-,-,-,-,-,-,-,-,-,-,-,-,-,-,-,-,-
2004,관악구,계,연면적,"471,321",-,-,-,-,-,-,-,-,-,-,-,-,-,-,-,-,-,-,-,-,-,-,-,-,-,-,-
2004,관악구,주거용,동수,192,-,-,-,-,-,-,-,-,-,-,-,-,-,-,-,-,-,-,-,-,-,-,-,-,-,-,-
2004,관악구,주거용,연면적,"90,768",-,-,-,-,-,-,-,-,-,-,-,-,-,-,-,-,-,-,-,-,-,-,-,-,-,-,-
2004,관악구,상업용,동수,186,-,-,-,-,-,-,-,-,-,-,-,-,-,-,-,-,-,-,-,-,-,-,-,-,-,-,-
2004,관악구,상업용,연면적,"307,008",-,-,-,-,-,-,-,-,-,-,-,-,-,-,-,-,-,-,-,-,-,-,-,-,-,-,-
2004,관악구,공공용,동수,3,-,-,-,-,-,-,-,-,-,-,-,-,-,-,-,-,-,-,-,-,-,-,-,-,-,-,-
2004,관악구,공공용,연면적,"9,044",-,-,-,-,-,-,-,-,-,-,-,-,-,-,-,-,-,-,-,-,-,-,-,-,-,-,-
2004,관악구,문교용/사회용,동수,36,-,-,-,-,-,-,-,-,-,-,-,-,-,-,-,-,-,-,-,-,-,-,-,-,-,-,-
2004,관악구,문교용/사회용,연면적,"64,200",-,-,-,-,-,-,-,-,-,-,-,-,-,-,-,-,-,-,-,-,-,-,-,-,-,-,-
2004,관악구,기타,동수,2,-,-,-,-,-,-,-,-,-,-,-,-,-,-,-,-,-,-,-,-,-,-,-,-,-,-,-
2004,관악구,기타,연면적,301,-,-,-,-,-,-,-,-,-,-,-,-,-,-,-,-,-,-,-,-,-,-,-,-,-,-,-
2005,관악구,계,동수,244,-,-,-,-,-,-,-,-,-,-,-,-,-,-,-,-,-,-,-,-,-,-,-,-,-,-,-
2005,관악구,계,연면적,"165,301",-,-,-,-,-,-,-,-,-,-,-,-,-,-,-,-,-,-,-,-,-,-,-,-,-,-,-
2005,관악구,주거용,동수,125,-,-,-,-,-,-,-,-,-,-,-,-,-,-,-,-,-,-,-,-,-,-,-,-,-,-,-
2005,관악구,주거용,연면적,"53,205",-,-,-,-,-,-,-,-,-,-,-,-,-,-,-,-,-,-,-,-,-,-,-,-,-,-,-
2005,관악구,상업용,동수,95,-,-,-,-,-,-,-,-,-,-,-,-,-,-,-,-,-,-,-,-,-,-,-,-,-,-,-
2005,관악구,상업용,연면적,"83,821",-,-,-,-,-,-,-,-,-,-,-,-,-,-,-,-,-,-,-,-,-,-,-,-,-,-,-
2005,관악구,공업용,동수,2,-,-,-,-,-,-,-,-,-,-,-,-,-,-,-,-,-,-,-,-,-,-,-,-,-,-,-
2005,관악구,공업용,연면적,"3,587",-,-,-,-,-,-,-,-,-,-,-,-,-,-,-,-,-,-,-,-,-,-,-,-,-,-,-
2005,관악구,문교용/사회용,동수,19,-,-,-,-,-,-,-,-,-,-,-,-,-,-,-,-,-,-,-,-,-,-,-,-,-,-,-
2005,관악구,문교용/사회용,연면적,"24,155",-,-,-,-,-,-,-,-,-,-,-,-,-,-,-,-,-,-,-,-,-,-,-,-,-,-,-
2005,관악구,기타,동수,3,-,-,-,-,-,-,-,-,-,-,-,-,-,-,-,-,-,-,-,-,-,-,-,-,-,-,-
2005,관악구,기타,연면적,533,-,-,-,-,-,-,-,-,-,-,-,-,-,-,-,-,-,-,-,-,-,-,-,-,-,-,-
2006,관악구,계,동수,539,66,7,1,1,446,18,349,2,2,-,-,337,8,65,23,1,1,-,31,9,125,41,4,-,1,78,1
2006,관악구,계,연면적,"339,056","10,081","19,375",48,187,"303,272","6,093","231,921",61,"1,551",-,-,"226,544","3,765","22,312","3,412",809,48,-,"15,760","2,283","84,823","6,608","17,015",-,187,"60,968",45
2006,관악구,주거용,동수,251,25,-,1,1,222,2,207,1,-,-,-,206,-,25,15,-,1,-,7,2,19,9,-,-,1,9,-
2006,관악구,주거용,연면적,"120,113","3,546",-,48,111,"116,023",385,"111,222",6,-,-,-,"111,216",-,"4,427","2,351",-,48,-,"1,643",385,"4,464","1,189",-,-,111,"3,164",-
2006,관악구,상업용,동수,245,33,4,-,-,194,14,126,1,2,-,-,117,6,33,5,1,-,-,20,7,86,27,1,-,-,57,1
2006,관악구,상업용,연면적,"172,987","4,981","15,813",-,76,"148,659","3,458","100,444",55,"1,551",-,-,"97,323","1,515","13,011",688,809,-,-,"9,616","1,898","59,532","4,238","13,453",-,76,"41,720",45
2006,관악구,공업용,동수,1,-,-,-,-,1,-,-,-,-,-,-,-,-,-,-,-,-,-,-,-,1,-,-,-,-,1,-
2006,관악구,공업용,연면적,"2,463",-,-,-,-,"2,463",-,-,-,-,-,-,-,-,-,-,-,-,-,-,-,"2,463",-,-,-,-,"2,463",-
2006,관악구,문교용/사회용,동수,37,8,3,-,-,24,2,12,-,-,-,-,10,2,7,3,-,-,-,4,-,18,5,3,-,-,10,-
2006,관악구,문교용/사회용,연면적,"35,226","1,554","3,562",-,-,"27,860","2,250","12,110",-,-,-,-,"9,860","2,250","4,850",373,-,-,-,"4,477",-,"18,266","1,181","3,562",-,-,"13,523",-
2006,관악구,기타,동수,5,-,-,-,-,5,-,4,-,-,-,-,4,-,-,-,-,-,-,-,-,1,-,-,-,-,1,-
2006,관악구,기타,연면적,"8,267",-,-,-,-,"8,267",-,"8,145",-,-,-,-,"8,145",-,24,-,-,-,-,24,-,98,-,-,-,-,98,-
2007,관악구,계,동수,956,138,4,-,3,785,26,588,2,1,-,-,576,9,166,71,-,-,3,76,16,202,65,3,-,-,133,1
2007,관악구,계,연면적,"748,759.86","21,696.68","102,492.52",-,309.26,"618,942.88","5,318.52","391,829.5",17.92,"5,242.85",-,-,"384,404.09","2,164.64","49,559.42","11,875.3",-,-,309.26,"34,248.98","3,125.88","307,370.94","9,803.46","97,249.67",-,-,"200,289.81",28
2007,관악구,주거용,동수,456,78,-,-,3,365,10,333,-,-,-,-,333,-,92,60,-,-,3,20,9,31,18,-,-,-,12,1
2007,관악구,주거용,연면적,"212,927.11","14,028.78",-,-,309.26,"196,509.89","2,079.18","170,687.86",-,-,-,-,"170,687.86",-,"18,414.52","11,103.31",-,-,309.26,"4,950.77","2,051.18","23,824.73","2,925.47",-,-,-,"20,871.26",28
2007,관악구,상업용,동수,440,49,3,-,-,374,14,227,-,1,-,-,218,8,60,8,-,-,-,46,6,153,41,2,-,-,110,-
2007,관악구,상업용,연면적,"428,644.23","6,532.73","88,172.75",-,-,"331,132.46","2,806.29","182,285.39",-,"5,242.85",-,-,"175,077.03","1,965.51","25,345.33",596.28,-,-,-,"23,908.27",840.78,"221,013.51","5,936.45","82,929.9",-,-,"132,147.16",-
2007,관악구,문교용/사회용,동수,48,7,1,-,-,40,-,19,-,-,-,-,19,-,13,3,-,-,-,10,-,16,4,1,-,-,11,-
2007,관악구,문교용/사회용,연면적,"88,677.72",985.67,"14,319.77",-,-,"73,372.28",-,"20,710.95",-,-,-,-,"20,710.95",-,"5,565.65",175.71,-,-,-,"5,389.94",-,"62,401.12",809.96,"14,319.77",-,-,"47,271.39",-
2007,관악구,기타,동수,12,4,-,-,-,6,2,9,2,-,-,-,6,1,1,-,-,-,-,-,1,2,2,-,-,-,-,-
2007,관악구,기타,연면적,"18,510.79",149.5,-,-,-,"17,928.24",433.05,"18,145.29",17.92,-,-,-,"17,928.24",199.13,233.92,-,-,-,-,-,233.92,131.58,131.58,-,-,-,-,-
2008,관악구,계,동수,586,59,8,-,2,508,9,366,1,2,-,1,361,1,40,3,1,-,-,33,3,180,55,5,-,1,114,5
2008,관악구,계,연면적,"596,878.27","7,930.2","64,717.68",-,311.31,"494,818","29,101.42","205,398.34",147.85,"12,184.02",-,216.37,"192,367.73",482,"48,939.68",946,"4,120.81",-,-,"35,729.56","8,143.79","342,540.25","6,836.83","48,412.85",-,94.94,"266,720.37","20,475.26"
2008,관악구,주거용,동수,180,15,1,-,-,164,-,156,1,-,-,-,155,-,2,2,-,-,-,-,-,22,12,1,-,-,9,-
2008,관악구,주거용,연면적,"191,564.33","2,486.38","17,209.41",-,-,"171,869",-,"72,011.47",147.85,-,-,-,"71,863.62",-,585.85,586,-,-,-,-,-,"118,967.01","1,752.68","17,209.41",-,-,"100,004.92",-
2008,관악구,상업용,동수,375,42,6,-,2,317,8,200,-,1,-,1,197,1,28,1,1,-,-,24,2,147,41,4,-,1,96,5
2008,관악구,상업용,연면적,"353,557.08","4,935","39,820.03",-,311.31,"284,000","24,490.45","114,020.87",-,"4,495.78",-,216.37,"108,826.35",482,"34,199.38",360,"4,120.81",-,-,"26,186.08","3,532.82","205,336.83","4,575.33","31,203.44",-,94.94,"148,987.86","20,475.26"
2008,관악구,공업용,동수,1,-,-,-,-,1,-,-,-,-,-,-,-,-,-,-,-,-,-,-,-,1,-,-,-,-,1,-
2008,관악구,공업용,연면적,"2,403.59",-,-,-,-,"2,404",-,-,-,-,-,-,-,-,-,-,-,-,-,-,-,"2,403.59",-,-,-,-,"2,403.59",-
2008,관악구,문교용/사회용,동수,30,2,1,-,-,26,1,10,-,1,-,-,9,-,10,-,-,-,-,9,1,10,2,-,-,-,8,-
2008,관악구,문교용/사회용,연면적,"49,353.27",508.82,"7,688.24",-,-,"36,545","4,610.97","19,366",-,"7,688.24",-,-,"11,677.76",-,"14,154.45",-,-,-,-,"9,543.48","4,610.97","15,832.82",508.82,-,-,-,"15,324",-
2009,관악구,계,동수,589,74,7,1,-,485,22,247,4,3,-,-,233,7,99,29,-,1,-,57,12,243,41,4,-,-,195,3
2009,관악구,계,연면적,"217,117","6,115","8,563",51,183,"194,267","7,938","151,001",102,"6,148",-,-,"140,946","3,805","21,585","2,777",-,51,101,"17,066","1,590","44,531","3,236","2,415",-,82,"36,255","2,543"
2009,관악구,주거용,동수,151,29,2,-,-,114,6,90,-,2,-,-,88,-,41,21,-,-,-,14,6,20,8,-,-,-,12,-
2009,관악구,주거용,연면적,"49,616","2,451","5,597",-,80,"40,962",526,"43,891",-,"5,597",-,-,"38,294",-,"3,763","1,982",-,-,80,"1,225",476,"1,962",469,-,-,-,"1,443",50
2009,관악구,상업용,동수,387,40,3,1,-,330,13,147,4,1,-,-,136,6,46,6,-,1,-,34,5,194,30,2,-,-,160,2
2009,관악구,상업용,연면적,"125,809","2,968","1,805",51,21,"116,315","4,649","85,490",102,551,-,-,"82,729","2,108","11,095",468,-,51,21,"9,782",773,"29,224","2,398","1,254",-,-,"23,804","1,768"
2009,관악구,공업용,연면적,829,-,829,-,-,-,-,-,-,-,-,-,-,-,-,-,-,-,-,-,-,829,-,829,-,-,-,-
2009,관악구,문교용/사회용,동수,41,4,2,-,-,32,3,2,-,-,-,-,1,1,12,2,-,-,-,9,1,27,2,2,-,-,22,1
2009,관악구,문교용/사회용,연면적,"21,265",674,332,-,-,"17,496","2,763","3,934",-,-,-,-,"2,237","1,697","5,747",327,-,-,-,"5,079",341,"11,584",347,332,-,-,"10,180",725
2009,관악구,기타,동수,10,1,-,-,-,9,-,8,-,-,-,-,8,-,-,-,-,-,-,-,-,2,1,-,-,-,1,-
2009,관악구,기타,연면적,"19,598",22,-,-,82,"19,494",-,"17,686",-,-,-,-,"17,686",-,980,-,-,-,-,980,-,932,22,-,-,82,828,-
2010,관악구,계,동수,802,84,12,-,1,679,26,378,-,3,-,-,369,6,148,56,1,-,-,77,14,276,28,8,-,1,233,6
2010,관악구,계,연면적,"1,013,572","9,576","150,299",-,464,"823,575","29,658","273,270",-,"18,064",-,-,"254,226",980,"38,027","4,681","3,418",-,-,"28,246","1,682","702,275","4,895","128,817",-,464,"541,103","26,996"
2010,관악구,주거용,동수,253,47,1,-,-,199,6,163,-,1,-,-,162,-,67,43,-,-,-,18,6,23,4,-,-,-,19,-
2010,관악구,주거용,연면적,"108,871","4,727",198,-,-,"103,562",384,"91,485",-,198,-,-,"91,287",-,"8,481","3,712",-,-,-,"4,385",384,"8,905","1,015",-,-,-,"7,890",-
2010,관악구,상업용,동수,484,31,7,-,1,428,17,211,-,1,-,-,205,5,65,7,-,-,-,50,8,208,24,6,-,1,173,4
2010,관악구,상업용,연면적,"727,861","4,388","106,929",-,464,"599,690","16,390","166,083",-,"5,214",-,-,"160,449",420,"17,739",508,-,-,-,"15,933","1,298","544,039","3,880","101,715",-,464,"423,308","14,672"
2010,관악구,농림수산업용,동수,2,-,-,-,-,2,-,-,-,-,-,-,-,-,-,-,-,-,-,-,-,2,-,-,-,-,2,-
2010,관악구,농림수산업용,연면적,"8,242",-,-,-,-,"8,242",-,-,-,-,-,-,-,-,-,-,-,-,-,-,-,"8,242",-,-,-,-,"8,242",-
2010,관악구,공업용,동수,1,-,-,-,-,1,-,-,-,-,-,-,-,-,-,-,-,-,-,-,-,1,-,-,-,-,1,-
2010,관악구,공업용,연면적,"2,562",-,-,-,-,"2,562",-,-,-,-,-,-,-,-,-,-,-,-,-,-,-,"2,562",-,-,-,-,"2,562",-
2010,관악구,문교용/사회용,동수,62,6,4,-,-,49,3,4,-,1,-,-,2,1,16,6,1,-,-,9,-,42,-,2,-,-,38,2
2010,관악구,문교용/사회용,연면적,"166,036",461,"43,172",-,-,"109,519","12,884","15,702",-,"12,652",-,-,"2,490",560,"11,807",461,"3,418",-,-,"7,928",-,"138,527",-,"27,102",-,-,"99,101","12,324"
2011,관악구,계,동수,830,67,10,1,-,737,15,479,1,4,1,-,470,3,150,31,1,-,-,106,12,201,35,5,-,-,161,-
2011,관악구,계,연면적,"651,875","8,486","129,087",100,-,"510,392","3,810","254,776",52,"4,089",100,-,"249,320","1,215","33,086","2,570",-,-,-,"27,921","2,595","364,013","5,864","124,998",-,-,"233,151",-
2011,관악구,주거용,동수,462,37,2,1,-,415,7,367,-,2,1,-,364,-,51,21,-,-,-,23,7,44,16,-,-,-,28,-
2011,관악구,주거용,연면적,"199,336","4,925",769,100,-,"192,565",977,"180,154",-,769,100,-,"179,285",-,"5,654","2,012",-,-,-,"2,665",977,"13,528","2,913",-,-,-,"10,615",-
2011,관악구,상업용,동수,336,29,4,-,-,297,6,108,1,1,-,-,104,2,89,10,1,-,-,74,4,139,18,2,-,-,119,-
2011,관악구,상업용,연면적,"299,901","3,370","49,635",-,-,"246,061",835,"70,200",52,687,-,-,"69,049",412,"20,580",558,-,-,-,"19,599",423,"209,121","2,760","48,948",-,-,"157,413",-
2011,관악구,공공용,동수,1,-,-,-,-,1,-,-,-,-,-,-,-,-,1,-,-,-,-,1,-,-,-,-,-,-,-,-
2011,관악구,공공용,연면적,"1,640",-,-,-,-,"1,640",-,-,-,-,-,-,-,-,"1,640",-,-,-,-,"1,640",-,-,-,-,-,-,-,-
2011,관악구,문교용/사회용,동수,30,1,4,-,-,23,2,4,-,1,-,-,2,1,8,-,-,-,-,7,1,18,1,3,-,-,14,-
2011,관악구,문교용/사회용,연면적,"150,883",191,"78,683",-,-,"70,011","1,998","4,422",-,"2,633",-,-,986,803,"5,097",-,-,-,-,"3,902","1,195","141,364",191,"76,050",-,-,"65,123",-
2011,관악구,기타,동수,1,-,-,-,-,1,-,-,-,-,-,-,-,-,1,-,-,-,-,1,-,-,-,-,-,-,-,-
2011,관악구,기타,연면적,115,-,-,-,-,115,-,-,-,-,-,-,-,-,115,-,-,-,-,115,-,-,-,-,-,-,-,-
2012,관악구,계,동수,767,80,10,1,-,656,20,391,1,4,-,-,381,5,174,45,1,1,-,115,12,202,34,5,-,-,160,3
2012,관악구,계,연면적,"32,826,700","7,289","98,148",237,-,"32,706,942","14,084","259,658",94,"34,985",-,-,"222,682","1,897","50,214","3,025","6,203",237,-,"30,562","10,187","32,516,828","4,170","56,960",-,-,"32,453,698","2,000"
2012,관악구,주거용,동수,444,41,2,-,-,396,5,340,1,2,-,-,336,1,74,35,-,-,-,35,4,30,5,-,-,-,25,-
2012,관악구,주거용,연면적,"192,320","3,306",842,-,-,"187,671",501,"170,224",94,842,-,-,"169,192",96,"10,785","2,451",-,-,-,"7,929",405,"11,311",761,-,-,-,"10,550",-
2012,관악구,상업용,동수,284,36,5,1,-,230,12,43,-,2,-,-,39,2,85,9,-,1,-,67,8,156,27,3,-,-,124,2
2012,관악구,상업용,연면적,"32,538,124","3,665","42,356",237,-,"32,481,351","10,515","78,308",-,"34,143",-,-,"43,432",733,"25,041",574,-,237,-,"14,448","9,782","32,434,775","3,091","8,213",-,-,"32,423,471",-
2012,관악구,공공용,동수,3,-,-,-,-,3,-,3,-,-,-,-,3,-,-,-,-,-,-,-,-,-,-,-,-,-,-,-
2012,관악구,공공용,연면적,"9,339",-,-,-,-,"9,339",-,"9,339",-,-,-,-,"9,339",-,-,-,-,-,-,-,-,-,-,-,-,-,-,-
2012,관악구,문교용/사회용,동수,32,2,3,-,-,25,2,4,-,-,-,-,3,1,12,-,1,-,-,11,-,16,2,2,-,-,11,1
2012,관악구,문교용/사회용,연면적,"86,825",318,"54,950",-,-,"28,562","2,995","1,714",-,-,-,-,719,995,"14,369",-,"6,203",-,-,"8,166",-,"70,742",318,"48,747",-,-,"19,677","2,000"
2012,관악구,기타,동수,4,1,-,-,-,2,1,1,-,-,-,-,-,1,3,1,-,-,-,2,-,-,-,-,-,-,-,-
2012,관악구,기타,연면적,92,-,-,-,-,19,73,73,-,-,-,-,-,73,19,-,-,-,-,19,-,-,-,-,-,-,-,-
2013,관악구,계,동수,773,66,11,-,-,663,33,398,-,1,-,-,391,6,229,36,3,-,-,165,25,146,30,7,-,-,107,2
2013,관악구,계,연면적,"3,735,578","7,305","1,639,103",-,-,"1,988,868","100,302","252,216",-,198,-,-,"246,512","5,506","2,994,053","2,187","1,498,806",-,-,"1,491,118","1,942","489,309","5,118","140,099",-,-,"251,238","92,854"
2013,관악구,주거용,동수,527,37,1,-,-,471,18,355,-,1,-,-,354,-,144,28,-,-,-,98,18,28,9,-,-,-,19,-
2013,관악구,주거용,연면적,"220,600","3,633",198,-,-,"215,409","1,360","201,977",-,198,-,-,"201,779",-,"10,445","1,721",-,-,-,"7,364","1,360","8,178","1,912",-,-,-,"6,266",-
2013,관악구,상업용,동수,202,29,7,-,-,154,12,35,-,-,-,-,31,4,65,8,1,-,-,50,6,102,21,6,-,-,73,2
2013,관악구,상업용,연면적,"503,227","3,672","105,029",-,-,"297,515","97,011","22,620",-,-,-,-,"19,041","3,579","67,788",466,999,-,-,"65,745",578,"412,819","3,206","104,030",-,-,"212,729","92,854"
2013,관악구,공공용,동수,2,-,-,-,-,-,2,2,-,-,-,-,-,2,-,-,-,-,-,-,-,-,-,-,-,-,-,-
2013,관악구,공공용,연면적,"1,927",-,-,-,-,-,"1,927","1,927",-,-,-,-,-,"1,927",-,-,-,-,-,-,-,-,-,-,-,-,-,-
2013,관악구,문교용/사회용,동수,35,-,3,-,-,31,1,1,-,-,-,-,1,-,18,-,2,-,-,15,1,16,-,1,-,-,15,-
2013,관악구,문교용/사회용,연면적,"2,989,874",-,"1,533,876",-,-,"1,455,994",4,"9,290",-,-,-,-,"9,290",-,"2,912,272",-,"1,497,807",-,-,"1,414,461",4,"68,312",-,"36,069",-,-,"32,243",-
2013,관악구,기타,동수,7,-,-,-,-,7,-,5,-,-,-,-,5,-,2,-,-,-,-,2,-,-,-,-,-,-,-,-
2013,관악구,기타,연면적,"19,950",-,-,-,-,"19,950",-,"16,402",-,-,-,-,"16,402",-,"3,548",-,-,-,-,"3,548",-,-,-,-,-,-,-,-
2014,관악구,계,동수,706,76,9,-,-,589,32,389,2,1,-,-,380,6,199,47,4,-,-,127,21,118,27,4,-,-,82,5
2014,관악구,계,연면적,"476,642","9,754","66,141",-,-,"348,114","52,633","190,570",190,521,-,-,"188,443","1,416","30,908","5,061","4,474",-,-,"19,649","1,724","255,164","4,503","61,146",-,-,"140,022","49,493"
2014,관악구,주거용,동수,509,43,1,-,-,452,13,361,2,1,-,-,358,-,112,35,-,-,-,66,11,36,6,-,-,-,28,2
2014,관악구,주거용,연면적,"188,071","6,057",521,-,-,"180,550",943,"167,111",190,521,-,-,"166,400",-,"8,218","4,512",-,-,-,"2,932",774,"12,742","1,355",-,-,-,"11,218",169
2014,관악구,상업용,동수,166,31,5,-,-,114,16,25,-,-,-,-,20,5,71,12,2,-,-,49,8,70,19,3,-,-,45,3
2014,관악구,상업용,연면적,"232,068","3,474","57,124",-,-,"120,085","51,385","22,551",-,-,-,-,"21,263","1,288","7,395",549,93,-,-,"5,980",773,"202,122","2,925","57,031",-,-,"92,842","49,324"
2014,관악구,문교용/사회용,동수,27,2,3,-,-,21,1,2,-,-,-,-,2,-,14,-,2,-,-,11,1,11,2,1,-,-,8,-
2014,관악구,문교용/사회용,연면적,"53,588",223,"8,496",-,-,"44,741",128,780,-,-,-,-,780,-,"15,246",-,"4,381",-,-,"10,737",128,"37,562",223,"4,115",-,-,"33,224",-
2014,관악구,기타,동수,4,-,-,-,-,2,2,1,-,-,-,-,-,1,2,-,-,-,-,1,1,1,-,-,-,-,1,-
2014,관악구,기타,연면적,"2,915",-,-,-,-,"2,738",177,128,-,-,-,-,-,128,49,-,-,-,-,-,49,"2,738",-,-,-,-,"2,738",-
2015,관악구,계,동수,901,44,7,-,-,811,39,641,-,2,-,,633,6,155,23,2,-,-,100,30,105,21,3,-,-,78,3
2015,관악구,계,연면적,"592,568","6,196","63,072",-,-,"509,032","14,268","324,020",-,"2,701",-,,"320,306","1,013","99,470","2,029",64,-,-,"92,099","5,278","169,078","4,167","60,307",-,-,"96,627","7,977"
2015,관악구,주거용,동수,706,24,1,-,-,666,15,586,-,1,-,,585,-,92,17,-,-,-,60,15,28,7,-,-,-,21,-
2015,관악구,주거용,연면적,"288,655","2,889",332,-,-,"284,774",660,"268,966",-,332,-,,"268,634",-,"7,460","1,479",-,-,-,"5,321",660,"12,229","1,410",-,-,-,"10,819",-
2015,관악구,상업용,동수,166,20,5,-,-,120,21,53,-,1,-,,47,5,48,6,2,-,-,27,13,65,14,2,-,-,46,3
2015,관악구,상업용,연면적,"226,067","3,307","60,936",-,-,"148,448","13,376","54,637",-,"2,369",-,,"51,311",957,"44,571",550,64,-,-,"39,515","4,442","126,859","2,757","58,503",-,-,"57,622","7,977"
2015,관악구,공공용,동수,1,-,-,-,-,1,-,-,-,-,-,,-,-,1,-,-,-,-,1,-,-,-,-,-,-,-,-
2015,관악구,공공용,연면적,6,-,-,-,-,6,-,-,-,-,-,,-,-,6,-,-,-,-,6,-,-,-,-,-,-,-,-
2015,관악구,문교용/사회용,동수,22,-,1,-,-,20,1,1,-,-,-,,1,-,10,-,-,-,-,9,1,11,-,1,-,-,10,-
2015,관악구,문교용/사회용,연면적,"49,883",-,"1,804",-,-,"48,045",34,361,-,-,-,,361,-,"19,532",-,-,-,-,"19,498",34,"29,990",-,"1,804",-,-,"28,186",-
2015,관악구,기타,동수,6,-,-,-,-,4,2,1,-,-,-,,-,1,4,-,-,-,-,3,1,1,-,-,-,-,1,-
2015,관악구,기타,연면적,"27,957",-,-,-,-,"27,759",198,56,-,-,-,,-,56,"27,901",-,-,-,-,"27,759",142,-,-,-,-,-,-,-
2016,관악구,계,동수,964,31,7,2,-,907,17,758,-,3,-,,752,3,102,14,2,2,-,70,14,104,17,2,-,-,85,-
2016,관악구,계,연면적,"704,615","3,885","54,944",131,-,"644,750",905,"361,675",-,948,-,,"360,120",607,"129,340",833,"37,900",131,-,"90,178",298,"213,600","3,052","16,096",-,-,"194,452",-
2016,관악구,주거용,동수,710,15,3,2,-,680,10,640,-,3,-,,636,1,39,7,-,2,-,21,9,31,8,-,-,-,23,-
2016,관악구,주거용,연면적,"258,854","2,361",948,131,-,"254,950",464,"244,440",-,948,-,,"243,278",214,"2,260",433,-,131,-,"1,446",250,"12,154","1,928",-,-,-,"10,226",-
2016,관악구,상업용,동수,211,16,1,-,-,190,4,110,-,-,-,,108,2,43,7,1,-,-,33,2,58,9,-,-,-,49,-
2016,관악구,상업용,연면적,"212,023","1,524",141,-,-,"209,764",594,"90,310",-,-,-,,"89,917",393,"33,390",400,141,-,-,"32,648",201,"88,323","1,124",-,-,-,"87,199",-
2016,관악구,문교용/사회용,동수,40,-,3,-,-,34,3,8,-,-,-,,8,-,17,-,1,-,-,13,3,15,-,2,-,-,13,-
2016,관악구,문교용/사회용,연면적,"232,040",-,"53,855",-,-,"178,338",-153,"26,925",-,-,-,,"26,925",-,"91,992",-,"37,759",-,-,"54,386",-153,"113,123",-,"16,096",-,-,"97,027",-
2016,관악구,기타,동수,3,-,-,-,-,3,-,-,-,-,-,,-,-,3,-,-,-,-,3,-,-,-,-,-,-,-,-
2016,관악구,기타,연면적,"1,698",-,-,-,-,"1,698",-,-,-,-,-,,-,-,"1,698",-,-,-,-,"1,698",-,-,-,-,-,-,-,-
2017,관악구,계,동수,891,35,9,-,-,837,10,693,-,-,-,,692,1,72,15,3,-,-,46,8,126,20,6,-,-,99,1
2017,관악구,계,연면적,"616,767","2,283","35,841",-,-,"578,308",335,"472,178",-,-,-,,"472,163",15,"20,486",865,"4,833",-,-,"14,468",320,"124,103","1,418","31,008",-,-,"91,677",-
2017,관악구,주거용,동수,675,15,-,-,-,655,5,603,-,-,-,,602,1,30,12,-,-,-,14,4,42,3,-,-,-,39,-
2017,관악구,주거용,연면적,"390,883",729,-,-,-,"390,002",152,"363,894",-,-,-,,"363,879",15,"2,080",622,-,-,-,"1,321",137,"24,909",107,-,-,-,"24,802",-
2017,관악구,상업용,동수,190,20,4,-,-,165,1,85,-,-,-,,85,-,31,3,2,-,-,26,-,74,17,2,-,-,54,1
2017,관악구,상업용,연면적,"183,985","1,554","18,847",-,-,"163,584",-,"94,059",-,-,-,,"94,059",-,"12,795",243,517,-,-,"12,035",-,"77,131","1,311","18,330",-,-,"57,490",-
2017,관악구,공업용,동수,1,-,-,-,-,-,1,-,-,-,-,,-,-,1,-,-,-,-,-,1,-,-,-,-,-,-,-
2017,관악구,공업용,연면적,7,-,-,-,-,-,7,-,-,-,-,,-,-,7,-,-,-,-,-,7,-,-,-,-,-,-,-
2017,관악구,공공용,동수,4,-,2,-,-,1,1,1,-,-,-,,1,-,1,-,-,-,-,-,1,2,-,2,-,-,-,-
2017,관악구,공공용,연면적,"1,509",-,-,-,-,"1,479",30,"1,479",-,-,-,,"1,479",-,30,-,-,-,-,-,30,-,-,-,-,-,-,-
2017,관악구,문교용/사회용,동수,17,-,3,-,-,13,1,4,-,-,-,,4,-,5,-,1,-,-,3,1,8,-,2,-,-,6,-
2017,관악구,문교용/사회용,연면적,"40,318",-,"16,994",-,-,"23,243",81,"12,746",-,-,-,,"12,746",-,"5,509",-,"4,316",-,-,"1,112",81,"22,063",-,"12,678",-,-,"9,385",-
2017,관악구,기타,동수,4,-,-,-,-,3,1,-,-,-,-,,-,-,4,-,-,-,-,3,1,-,-,-,-,-,-,-
2017,관악구,기타,연면적,65,-,-,-,-,-,65,-,-,-,-,,-,-,65,-,-,-,-,-,65,-,-,-,-,-,-,-
2018,관악구,계,동수,818,40,10,-,-,752,16,594,-,3,-,,584,7,92,9,2,-,-,73,8,132,31,5,-,-,95,1
2018,관악구,계,연면적,"616,508","8,705","45,173",-,-,"508,481","54,149","311,477",-,"10,757",-,,"296,946","3,774","41,211","1,168",140,-,-,"35,955","3,948","263,820","7,537","34,276",-,-,"175,580","46,427"
2018,관악구,주거용,동수,568,19,1,-,-,541,7,498,-,1,-,,492,5,32,4,-,-,-,26,2,38,15,-,-,-,23,-
2018,관악구,주거용,연면적,"211,715","5,424",299,-,-,"204,881","1,111","194,079",-,299,-,,"192,720","1,060","2,687",60,-,-,-,"2,576",51,"14,949","5,364",-,-,-,"9,585",-
2018,관악구,상업용,동수,199,19,4,-,-,171,5,85,-,-,-,,84,1,32,3,1,-,-,24,4,82,16,3,-,-,63,-
2018,관악구,상업용,연면적,"222,917","2,275","7,211",-,-,"206,993","6,438","88,221",-,-,-,,"85,606","2,615","10,187",102,67,-,-,"6,195","3,823","124,509","2,173","7,144",-,-,"115,192",-
2018,관악구,공공용,동수,1,-,-,-,-,1,-,1,-,-,-,,1,-,-,-,-,-,-,-,-,-,-,-,-,-,-,-
2018,관악구,공공용,연면적,"1,307",-,-,-,-,"1,307",-,"1,307",-,-,-,,"1,307",-,-,-,-,-,-,-,-,-,-,-,-,-,-,-
2018,관악구,문교용/사회용,동수,36,-,4,-,-,29,3,7,-,1,-,,6,-,17,-,1,-,-,14,2,12,-,2,-,-,9,1
2018,관악구,문교용/사회용,연면적,"160,595",-,"27,971",-,-,"86,123","46,501","15,152",-,766,-,,"14,386",-,"21,081",-,73,-,-,"20,934",74,"124,362",-,"27,132",-,-,"50,803","46,427"
2018,관악구,기타,동수,14,2,1,-,-,10,1,3,-,1,-,,1,1,11,2,-,-,-,9,-,-,-,-,-,-,-,-
2018,관악구,기타,연면적,"19,974","1,006","9,692",-,-,"9,177",99,"12,718",-,"9,692",-,,"2,927",99,"7,256","1,006",-,-,-,"6,250",-,-,-,-,-,-,-,-
2019,관악구,계,동수,571,41,8,1,-,502,19,338,-,-,1,,330,7,79,9,3,-,-,59,8,154,32,5,-,-,113,4
2019,관악구,계,연면적,"534,319","6,434","176,432",148,-,"317,783","33,522","195,426",-,-,148,,"193,126","2,152","131,009",302,"98,551",-,-,"19,229","12,927","207,884","6,132","77,881",-,-,"105,428","18,443"
2019,관악구,주거용,동수,347,21,1,1,-,322,2,264,-,-,1,,263,-,29,8,1,-,-,18,2,54,13,-,-,-,41,-
2019,관악구,주거용,연면적,"232,004","3,028","91,675",148,-,"137,069",84,"117,751",-,-,148,,"117,603",-,"96,144",302,"91,675",-,-,"4,083",84,"18,109","2,726",-,-,-,"15,383",-
2019,관악구,상업용,동수,191,19,4,-,-,159,9,64,-,-,-,,62,2,39,-,1,-,-,34,4,88,19,3,-,-,63,3
2019,관악구,상업용,연면적,"272,019","3,406","77,881",-,-,"161,023","29,709","70,744",-,-,-,,"70,122",622,"24,833",-,-,-,-,"12,410","12,423","176,442","3,406","77,881",-,-,"78,491","16,664"
2019,관악구,공공용,동수,7,-,-,-,-,2,5,7,-,-,-,,2,5,-,-,-,-,-,-,-,-,-,-,-,-,-,-
2019,관악구,공공용,연면적,"2,274",-,-,-,-,744,"1,530","2,274",-,-,-,,744,"1,530",-,-,-,-,-,-,-,-,-,-,-,-,-,-
2019,관악구,문교용/사회용,동수,19,-,3,-,-,13,3,3,-,-,-,,3,-,6,-,1,-,-,3,2,10,-,2,-,-,7,1
2019,관악구,문교용/사회용,연면적,"24,440",-,"6,876",-,-,"15,365","2,199","4,657",-,-,-,,"4,657",-,"9,050",-,"6,876",-,-,"1,754",420,"10,733",-,-,-,-,"8,954","1,779"
2019,관악구,기타,동수,7,1,-,-,-,6,-,-,-,-,-,,-,-,5,1,-,-,-,4,-,2,-,-,-,-,2,-
2019,관악구,기타,연면적,"3,582",-,-,-,-,"3,582",-,-,-,-,-,,-,-,982,-,-,-,-,982,-,"2,600",-,-,-,-,"2,600",-
